{
  "arm": {
    "accuracy": 0.8010989010989011,
    "f1_macro": 0.8046392567649925,
    "samples": 910
  },
  "arm64": {
    "accuracy": 0.6666666666666666,
    "f1_macro": 0.5555555555555555,
    "samples": 6
  }
}