{
  "arm": {
    "accuracy": 0.7725274725274726,
    "f1_macro": 0.7723942636532051,
    "samples": 910
  },
  "arm64": {
    "accuracy": 0.6666666666666666,
    "f1_macro": 0.6666666666666666,
    "samples": 6
  }
}