{
  "train_loss": [
    2.444253501607411,
    2.197937772345187,
    2.0739880791350975,
    1.9338079593074855,
    1.8290739762249277,
    1.7366912142554325,
    1.6531640469138302,
    1.589150934077021,
    1.5404338587575883,
    1.500233679565031,
    1.4558633797204317,
    1.4251746739914168,
    1.3659186816927213,
    1.3516116191202134,
    1.2753643122181963,
    1.2478710693209918,
    1.2012781282859062,
    1.1990315398173546,
    1.1681217595712463,
    1.1383922753938989,
    1.1208732430614643,
    1.1054317884480775,
    1.0901379918874199,
    1.0855904991057381,
    1.0546883518126473,
    1.00403544840528,
    0.9957700611940071,
    0.9598072487026897,
    0.950680128674009,
    0.9318636526812368,
    0.9295821839304113,
    0.9245188683271408,
    0.8981907274296035,
    0.8856514418747887,
    0.8973909449666294,
    0.8291688492493843,
    0.8252645497446629,
    0.8181456996878581,
    0.8245246652791749,
    0.816075304550911,
    0.7747818453988032,
    0.7501145111980723,
    0.7683080817336467,
    0.7548723994795956,
    0.7313416035317662,
    0.7372685192681071,
    0.7202811463555293,
    0.6787563755885878,
    0.6998223960399628,
    0.6805687546730042
  ],
  "train_acc": [
    0.17177626959981276,
    0.25509010063187454,
    0.30306576175988764,
    0.33934004212497076,
    0.38169904048677744,
    0.4083781886262579,
    0.44161010999297917,
    0.4615024572899602,
    0.48209688743271706,
    0.4877135501989235,
    0.5073718698806459,
    0.5113503393400421,
    0.5333489351743506,
    0.5462204540135736,
    0.5551135033934004,
    0.5705593260004681,
    0.5918558389890007,
    0.5939620875263281,
    0.607535689211327,
    0.6187690147437398,
    0.6108120758249473,
    0.6190030423589984,
    0.6290662298151182,
    0.6330446992745143,
    0.6468523285747718,
    0.6592557921834776,
    0.6573835712614089,
    0.6798502223262345,
    0.6793821670957173,
    0.690147437397613,
    0.6828925813245963,
    0.6875731336297684,
    0.6859349403229581,
    0.6964661830095952,
    0.6899134097823543,
    0.7156564474608004,
    0.7208050549964896,
    0.7236133863795928,
    0.7212731102270068,
    0.7210390826117482,
    0.7432717060613152,
    0.745143926983384,
    0.7453779545986426,
    0.739293236601919,
    0.7502925345190733,
    0.7453779545986426,
    0.7559091972852796,
    0.77088696466183,
    0.7626959981277791,
    0.7800140416569156
  ],
  "train_f1": [
    0.16911854796514447,
    0.2441511204544454,
    0.29020903856274755,
    0.32892737242383296,
    0.3708588555545927,
    0.3974067085631072,
    0.43595681838111244,
    0.4533718223336771,
    0.47667260664940514,
    0.48324016167024797,
    0.5015237442517552,
    0.5053320142686819,
    0.5291004730066893,
    0.5441920430466628,
    0.5505702681458875,
    0.5661538720141702,
    0.5872007186981079,
    0.5905689030612066,
    0.6059416781405366,
    0.6143276049769124,
    0.6074299159363912,
    0.617606488522861,
    0.6254723075198935,
    0.6311849100018765,
    0.6445777949059074,
    0.6547825297294912,
    0.6554149312756496,
    0.6782760423337846,
    0.6767445989090586,
    0.6875658354832895,
    0.6813119796416108,
    0.6853408468479014,
    0.6841009742587475,
    0.6947399299835035,
    0.6876109266574546,
    0.7140941907486921,
    0.7195245813400318,
    0.7223471948786961,
    0.7205536306126626,
    0.7198812840686049,
    0.7416050099258402,
    0.7441909898506698,
    0.7443685764857833,
    0.7381219236665875,
    0.749260935076355,
    0.7436671448146075,
    0.7549519697414891,
    0.7696124172086962,
    0.7623518258131431,
    0.7788717089157946
  ],
  "val_loss": [
    2.1986835907245506,
    2.02872306314008,
    1.9054925688381852,
    1.779923911752372,
    1.6845730830883157,
    1.6954446743274558,
    1.5422454209163272,
    1.6572407771801125,
    1.3975679381140347,
    1.348555667647,
    1.304281771183014,
    1.3554626538835723,
    1.457084980504266,
    1.1791987028615227,
    1.230977319437882,
    1.1039038362174198,
    1.1931930472110879,
    1.5908525401148303,
    1.201554234685569,
    0.9778890013694763,
    1.0538809011722434,
    1.0623237141247452,
    1.3020269788544754,
    0.9880964940991895,
    0.946475795630751,
    1.067820966243744,
    1.0132359718454296,
    0.9506997445534016,
    0.9180133856576065,
    0.8636542455903415,
    0.8637596738749537,
    1.2113209983398174,
    0.9554906919084746,
    0.8610482339201302,
    0.843318916600326,
    0.755602496451345,
    0.8527734228249254,
    0.821597819698268,
    0.8303855472597582,
    1.0346504223757778,
    0.7135876149966799,
    0.7833564147867006,
    0.796771508866343,
    0.7942732480065576,
    0.7580386985992563,
    0.6939185056193121,
    0.7039662589286936,
    0.8180745963392586,
    0.7670279617967277,
    0.7040049104854978
  ],
  "val_acc": [
    0.2609170305676856,
    0.3078602620087336,
    0.3635371179039301,
    0.40829694323144106,
    0.4388646288209607,
    0.43122270742358076,
    0.4814410480349345,
    0.4672489082969432,
    0.5382096069868996,
    0.5403930131004366,
    0.5960698689956332,
    0.5458515283842795,
    0.4847161572052402,
    0.6266375545851528,
    0.5676855895196506,
    0.6419213973799127,
    0.6157205240174672,
    0.46943231441048033,
    0.6037117903930131,
    0.6790393013100436,
    0.6637554585152838,
    0.6419213973799127,
    0.5884279475982532,
    0.6713973799126638,
    0.6899563318777293,
    0.6593886462882096,
    0.6604803493449781,
    0.6823144104803494,
    0.6943231441048034,
    0.7358078602620087,
    0.7139737991266376,
    0.6058951965065502,
    0.6899563318777293,
    0.740174672489083,
    0.7161572052401747,
    0.7652838427947598,
    0.7248908296943232,
    0.7510917030567685,
    0.730349344978166,
    0.6572052401746725,
    0.7751091703056768,
    0.7554585152838428,
    0.7510917030567685,
    0.7478165938864629,
    0.7631004366812227,
    0.7914847161572053,
    0.7958515283842795,
    0.7314410480349345,
    0.7718340611353712,
    0.7805676855895196
  ],
  "val_f1": [
    0.23189799659495844,
    0.28182138089220393,
    0.3447546575475267,
    0.3974141873812833,
    0.4107871186407,
    0.41519346014796904,
    0.4674354369803944,
    0.46144281085816974,
    0.5290112159346563,
    0.5311343846321885,
    0.590780335149385,
    0.5438933054648257,
    0.4713492874362967,
    0.6302261238655935,
    0.5605892421627026,
    0.641706650295093,
    0.6080294736432731,
    0.47033589643077856,
    0.5963446818724863,
    0.6775902785308444,
    0.6701194954699203,
    0.642547034542932,
    0.5899109882470845,
    0.669540066875446,
    0.6889954463652723,
    0.6646107498498302,
    0.6551913160238089,
    0.68288774793374,
    0.6956879512218687,
    0.7405076550991561,
    0.7126757134420263,
    0.6012458646476734,
    0.6878365562007784,
    0.7400011695833413,
    0.7160510800941716,
    0.7672203457200543,
    0.7235099391936848,
    0.7503562006928403,
    0.733840263747777,
    0.6615703887121307,
    0.7755553853276516,
    0.7593767596642611,
    0.7464328868925131,
    0.7464314307609716,
    0.7671731127475977,
    0.7908794070997704,
    0.7992317588546892,
    0.7289565150085474,
    0.7703345075997744,
    0.7802239838883449
  ],
  "lr": [
    0.001,
    0.001,
    0.001,
    0.001,
    0.001,
    0.001,
    0.001,
    0.001,
    0.001,
    0.001,
    0.001,
    0.001,
    0.001,
    0.001,
    0.001,
    0.001,
    0.001,
    0.001,
    0.001,
    0.001,
    0.001,
    0.001,
    0.001,
    0.001,
    0.001,
    0.001,
    0.001,
    0.001,
    0.001,
    0.001,
    0.001,
    0.001,
    0.001,
    0.001,
    0.001,
    0.001,
    0.001,
    0.001,
    0.001,
    0.001,
    0.001,
    0.001,
    0.001,
    0.001,
    0.001,
    0.001,
    0.001,
    0.001,
    0.001,
    0.001
  ]
}