{
  "train_loss": [
    2.425479170101792,
    2.1987391363328963,
    2.0179848813298924,
    1.8713692862596085,
    1.7464602189277536,
    1.6691765669566483,
    1.5883237683950966,
    1.5320596988521404,
    1.4682765638650352,
    1.4322972195361978,
    1.4059459100018685,
    1.3353949313733116,
    1.3021827922828162,
    1.2421496221378667,
    1.2348350491096725,
    1.2105598196164886,
    1.1437510674569145,
    1.0890137579903674,
    1.04252104705839,
    0.9945627393117592,
    1.0062636612956204,
    0.9732992417776762,
    0.9666227222378574,
    0.9325526098706829,
    0.9212320300180521,
    0.8975839708278428,
    0.8762673408682666,
    0.8805891446658035,
    0.8782757055848393,
    0.8726612249417092,
    0.8333838375201866,
    0.793567565839682,
    0.8154932287201953,
    0.8134268602328514,
    0.7569318896354135,
    0.7445724895640985,
    0.7188775334785233,
    0.7214030850289473,
    0.7027613438332259,
    0.7137529447452345,
    0.7051974378192603,
    0.6983074554756507,
    0.652452657027031,
    0.6537991597581265,
    0.6396119283206427,
    0.6471613972489514,
    0.6491780267722571,
    0.6193307295664033,
    0.6231679496035647,
    0.6197280892685278,
    0.6011589093884425,
    0.6072786958582366,
    0.5970242824127425,
    0.6010895769542722,
    0.6099354155472855,
    0.6148541990055967,
    0.6113636930709454,
    0.5999314411362605,
    0.5871289597073598,
    0.5676071241275588,
    0.5992598319009169,
    0.575259701751951,
    0.6112010132020979,
    0.5772249714207294,
    0.5705786404102596,
    0.5811544654529486,
    0.5753387560817733,
    0.5858519544352346,
    0.5832598896613762,
    0.5890034890886563,
    0.5875183185979501,
    0.5733559073796913,
    0.5676793126917598,
    0.5896037169801656,
    0.5734800945467023
  ],
  "train_acc": [
    0.16803182775567516,
    0.25345190732506434,
    0.3157032529838521,
    0.359700444652469,
    0.4053358296278961,
    0.4301427568453077,
    0.4568219049847882,
    0.4816288322021999,
    0.5029253451907325,
    0.5111163117247836,
    0.5228176924877136,
    0.5403697636321085,
    0.5520711443950386,
    0.5789843201497776,
    0.5736016849988299,
    0.5867072314533115,
    0.6096419377486544,
    0.6236835946641703,
    0.6342148373508074,
    0.65551135033934,
    0.649660659957875,
    0.6571495436461502,
    0.6744675871752867,
    0.6800842499414931,
    0.6835946641703721,
    0.6927217411654575,
    0.6938918792417506,
    0.6990404867774397,
    0.7027849286215774,
    0.7039550666978703,
    0.7098057570793354,
    0.726421717762696,
    0.721741165457524,
    0.7175286683828692,
    0.7411654575239879,
    0.7516967002106248,
    0.7552071144395038,
    0.7545050315937281,
    0.7664404399719167,
    0.7631640533582963,
    0.7683126608939855,
    0.7598876667446759,
    0.783290428270536,
    0.7736952960449333,
    0.7790779311958811,
    0.7781418207348467,
    0.7739293236601918,
    0.7903112567282939,
    0.7973320851860519,
    0.7879709805757079,
    0.7956938918792418,
    0.7879709805757079,
    0.8017786098759654,
    0.7914813948045869,
    0.7982681956470864,
    0.7917154224198455,
    0.7905452843435525,
    0.7973320851860519,
    0.8059911069506202,
    0.8057570793353616,
    0.8001404165691551,
    0.7982681956470864,
    0.7858647320383805,
    0.8015445822607068,
    0.8024806927217412,
    0.7928855604961386,
    0.8008424994149309,
    0.7994383337233794,
    0.8087994383337234,
    0.798502223262345,
    0.8024806927217412,
    0.8050549964895858,
    0.8099695764100164,
    0.794991809033466,
    0.8064591621811373
  ],
  "train_f1": [
    0.16512485937083554,
    0.25096925693162087,
    0.317194287457184,
    0.362327667959975,
    0.4055695204690431,
    0.43259420005015203,
    0.4592399721014926,
    0.4812287825198404,
    0.5031895772306252,
    0.512395557761631,
    0.5229405846188958,
    0.5411245329817882,
    0.5528552231102865,
    0.5796257899618589,
    0.5742430305122835,
    0.5878249231760121,
    0.6116744731744702,
    0.6239345367247524,
    0.6345893421525418,
    0.6562080425507854,
    0.6511517323419777,
    0.6575925029089186,
    0.6744314138740177,
    0.6801899944325597,
    0.683762285160739,
    0.694400779503436,
    0.694540284228181,
    0.6994724495517887,
    0.7036210187447711,
    0.7050607112216554,
    0.7099845962998527,
    0.7273079488154341,
    0.7231408539003623,
    0.7186105237073609,
    0.7413393587859,
    0.7514265686210558,
    0.7556499633543492,
    0.7540278194087602,
    0.7669037443679012,
    0.7642341138752387,
    0.7686300133994813,
    0.7603297757357256,
    0.7831695854545982,
    0.7735679685519712,
    0.7799724738846104,
    0.7784078106197694,
    0.7748594706036503,
    0.7906936523188689,
    0.7976869303532623,
    0.7886988723222282,
    0.7956611048702527,
    0.788719503314261,
    0.8022645467850436,
    0.7922915879873111,
    0.7987277214962258,
    0.7924712318618734,
    0.7901816864943894,
    0.7977232120793434,
    0.8059258295107073,
    0.8064573879925363,
    0.8000435577592684,
    0.7990640643209409,
    0.7864762873417235,
    0.802231996129141,
    0.8029945573757172,
    0.7939249240188004,
    0.8014993552839028,
    0.8002730072275483,
    0.8099404534218184,
    0.7988963134415373,
    0.8028039432345246,
    0.8053413436349294,
    0.8108525135757466,
    0.7944920443771314,
    0.806958605897926
  ],
  "val_loss": [
    2.2124296303453117,
    1.977582964403876,
    1.903024805003199,
    1.7835122018024838,
    1.5861100862766135,
    1.5274442680950822,
    1.4824897708563969,
    1.389020327864022,
    1.4630051440206067,
    1.3788664937019348,
    1.229430918035836,
    1.6058598551256904,
    1.1099240081063633,
    1.2507489056422794,
    1.1422457057854225,
    1.1344968183287258,
    1.1351197361946106,
    0.9308389343064407,
    0.9465317027322178,
    0.946281505042109,
    0.9000200177061146,
    0.865840050680884,
    0.9169376636373585,
    0.8836665790656517,
    0.8327637551159695,
    0.8218485466365156,
    0.8221780472788317,
    0.8696230660224783,
    0.8045177171970236,
    0.7584931089960295,
    0.7855366262896307,
    0.7367116490314747,
    0.8470230431392275,
    0.8571402276384419,
    0.7085991789554728,
    0.6962791866269605,
    0.6782703492148169,
    0.6918355319006689,
    0.6838537804011641,
    0.7094145674130012,
    0.6900453413354939,
    0.7056025986013741,
    0.681978951240408,
    0.6354274883352476,
    0.6491586699567992,
    0.6500862066088051,
    0.6342293101138082,
    0.7020780762721752,
    0.6241883604690946,
    0.6267797684875028,
    0.6194993324320892,
    0.6240424560061817,
    0.6396273487600787,
    0.6330181216371471,
    0.6553324943986433,
    0.62140802884924,
    0.630889100247416,
    0.6394034860462978,
    0.6173929936926941,
    0.6090329839237805,
    0.6126916346878841,
    0.6132237936916023,
    0.6147164897672062,
    0.6166076310749712,
    0.6090920891227394,
    0.6105644307259855,
    0.6116267360489944,
    0.6099198388642278,
    0.6183828017834959,
    0.6140736387721424,
    0.609200827006636,
    0.618812467517524,
    0.6099844785599873,
    0.6113262834220097,
    0.6107345881133244
  ],